{
    "reference_points_1": {
        "11": [0.5774524211883545, 0.3184288740158081],
        "12": [0.48748132586479187, 0.3210790157318115],
        "13": [0.6040281653404236, 0.41833969950675964],
        "14": [0.4592500329017639, 0.4180113673210144],
        "15": [0.5423917770385742, 0.374790221452713],
        "16": [0.521830677986145, 0.3695795238018036],
        "23": [0.5477201342582703, 0.5246915817260742],
        "24": [0.49909037351608276, 0.5145796537399292],
        "25": [0.5350255966186523, 0.6778803467750549],
        "26": [0.4116872549057007, 0.602016270160675],
        "27": [0.5175869464874268, 0.8214100003242493],
        "28": [0.5092760324478149, 0.5955508947372437]
    },
    "reference_points_2": {
        "11": [0.4443442225456238, 0.4176551103591919],
        "12": [0.4223747253417969, 0.572012186050415],
        "13": [0.4497216045856476, 0.2891852557659149],
        "14": [0.4188094735145569, 0.6782025098800659],
        "15": [0.452976793050766, 0.18100933730602264],
        "16": [0.40995386242866516, 0.7911688685417175],
        "23": [0.5925236344337463, 0.5251558423042297],
        "24": [0.5439732670783997, 0.5742471814155579],
        "25": [0.652678370475769, 0.6908873915672302],
        "26": [0.48054614663124084, 0.7231765985488892],
        "27": [0.6983902454376221, 0.8354798555374146],
        "28": [0.40907052159309387, 0.8174177408218384]
    },
    "reference_points_3": {
        "11": [0.46471095085144043, 0.7141815423965454],
        "12": [0.4601726531982422, 0.7023200392723083],
        "13": [0.42334282398223877, 0.8010684251785278],
        "14": [0.4221220910549164, 0.7765986323356628],
        "15": [0.36677736043930054, 0.870582103729248],
        "16": [0.3794791102409363, 0.8259422779083252],
        "23": [0.5754804611206055, 0.5460163354873657],
        "24": [0.5631797313690186, 0.5427935123443604],
        "25": [0.6187878847122192, 0.7008050084114075],
        "26": [0.6078526973724365, 0.6930468678474426],
        "27": [0.6776277422904968, 0.8421527743339539],
        "28": [0.6554020643234253, 0.8071160912513733]
    },
    "reference_points_4": {
        "11": [0.538030207157135, 0.45779141783714294],
        "12": [0.5422001481056213, 0.4618031680583954],
        "13": [0.5335432887077332, 0.34139516949653625],
        "14": [0.5380439758300781, 0.3505327105522156],
        "15": [0.5407543778419495, 0.23460179567337036],
        "16": [0.5421746969223022, 0.2525700032711029],
        "23": [0.5297101736068726, 0.6551656723022461],
        "24": [0.5464594960212708, 0.6601898074150085],
        "25": [0.42026692628860474, 0.6379354596138],
        "26": [0.5980457663536072, 0.7842080593109131],
        "27": [0.42401665449142456, 0.7944002151489258],
        "28": [0.7145661115646362, 0.7889410853385925]
    },
    "reference_points_5": {
        "11": [0.4380570352077484, 0.35203343629837036],
        "12": [0.39842113852500916, 0.4744794964790344],
        "13": [0.3797605633735657, 0.26452580094337463],
        "14": [0.3918476700782776, 0.5840438604354858],
        "15": [0.3138309121131897, 0.219011127948761],
        "16": [0.385445237159729, 0.6363868713378906],
        "23": [0.539494514465332, 0.5766040086746216],
        "24": [0.48594731092453003, 0.5905574560165405],
        "25": [0.621017575263977, 0.7054787278175354],
        "26": [0.3828120827674866, 0.6534887552261353],
        "27": [0.6969432234764099, 0.8188568353652954],
        "28": [0.3682379126548767, 0.822600781917572]
    },
    "reference_points_6": {
        "11": [0.40579235553741455, 0.6480289101600647],
        "12": [0.40797340869903564, 0.6475213766098022],
        "13": [0.427288293838501, 0.7576889991760254],
        "14": [0.4220097064971924, 0.7316708564758301],
        "15": [0.3773016035556793, 0.8521322011947632],
        "16": [0.38141173124313354, 0.8105782270431519],
        "23": [0.5043174624443054, 0.5006539225578308],
        "24": [0.5211367607116699, 0.5048543214797974],
        "25": [0.43147486448287964, 0.6746219992637634],
        "26": [0.5746210813522339, 0.6576551795005798],
        "27": [0.3820396065711975, 0.8206695318222046],
        "28": [0.6311371922492981, 0.7779173851013184]
    },
    "reference_points_7": {
        "11": [0.4075501561164856, 0.5567658543586731],
        "12": [0.4175229072570801, 0.5301254987716675],
        "13": [0.4035804867744446, 0.7010859847068787],
        "14": [0.41252151131629944, 0.6766782999038696],
        "15": [0.39434516429901123, 0.8276094198226929],
        "16": [0.4006802439689636, 0.7887691259384155],
        "23": [0.5396562218666077, 0.6445745825767517],
        "24": [0.5533465147018433, 0.6336048245429993],
        "25": [0.4226246178150177, 0.7230364680290222],
        "26": [0.5559755563735962, 0.8131263256072998],
        "27": [0.3216788172721863, 0.8236339092254639],
        "28": [0.6690111756324768, 0.8137574195861816]
    },
    "reference_points_8": {
        "11": [0.5662625432014465, 0.3938363492488861],
        "12": [0.5658608078956604, 0.39564746618270874],
        "13": [0.5633891224861145, 0.2736600637435913],
        "14": [0.5693007111549377, 0.28740033507347107],
        "15": [0.5738469362258911, 0.16652557253837585],
        "16": [0.5785015821456909, 0.19451935589313507],
        "23": [0.5776380300521851, 0.6074284911155701],
        "24": [0.5553057789802551, 0.6003296375274658],
        "25": [0.6451305747032166, 0.7377630472183228],
        "26": [0.4628045856952667, 0.6518495678901672],
        "27": [0.7237499356269836, 0.8206008672714233],
        "28": [0.4465663433074951, 0.807340145111084]
    },
    "reference_points_9": {
        "11": [0.5739479064941406, 0.4265810549259186],
        "12": [0.4952430725097656, 0.42230644822120667],
        "13": [0.6476616859436035, 0.41710713505744934],
        "14": [0.42682498693466187, 0.41259345412254333],
        "15": [0.7134471535682678, 0.40873464941978455],
        "16": [0.36671704053878784, 0.4023638367652893],
        "23": [0.5620903372764587, 0.619877278804779],
        "24": [0.5148160457611084, 0.6218931674957275],
        "25": [0.6337798833847046, 0.7225762605667114],
        "26": [0.42810115218162537, 0.6668710708618164],
        "27": [0.7059465646743774, 0.8217892050743103],
        "28": [0.4219309985637665, 0.8127726316452026]
    },
    "reference_points_10": {
        "11": [0.43341580033302307, 0.384147584438324],
        "12": [0.43611180782318115, 0.3936491012573242],
        "13": [0.35783112049102783, 0.3704965114593506],
        "14": [0.36455851793289185, 0.36476317048072815],
        "15": [0.28926336765289307, 0.3268102705478668],
        "16": [0.30555039644241333, 0.33807098865509033],
        "23": [0.5820836424827576, 0.4262692630290985],
        "24": [0.5671805739402771, 0.46611303091049194],
        "25": [0.6841909289360046, 0.4082307815551758],
        "26": [0.5653828978538513, 0.6273326873779297],
        "27": [0.7855569124221802, 0.37456005811691284],
        "28": [0.5556914210319519, 0.7651879787445068]
    },
    "reference_points_11": {
        "11": [0.5772100687026978, 0.3797030448913574],
        "12": [0.4819984436035156, 0.4154573082923889],
        "13": [0.5881643891334534, 0.2777727246284485],
        "14": [0.4421786665916443, 0.3573386073112488],
        "15": [0.5203253030776978, 0.24549096822738647],
        "16": [0.45379120111465454, 0.27340298891067505],
        "23": [0.5789217948913574, 0.6091055870056152],
        "24": [0.5166353583335876, 0.6195359826087952],
        "25": [0.6350198984146118, 0.745943546295166],
        "26": [0.5208154320716858, 0.7817045450210571],
        "27": [0.6577913761138916, 0.8645139336585999],
        "28": [0.5352427363395691, 0.9094122648239136]
    },